trial,perf_recall_test,fairness_ratio_test,thr_star,fpr_test,recall_val,fpr_val,fairness_ratio_val
0,0.7179487179487177,50456028784.20216,0.027046404778957367,0.05045602878420216,0.7255369928400954,0.04974998333222215,49749983332.22215
1,0.7081447963800902,56279809220.98569,0.03147919476032257,0.05627980922098569,0.7088305489260143,0.04998999933328888,49989999333.28889
2,0.7047511312217192,47845368588.40265,0.04808685928583145,0.047845368588402645,0.7362768496420048,0.049769984665644376,49769984665.64438
3,0.6968325791855201,44569492092.711914,0.035386811941862106,0.04456949209271191,0.7243436754176611,0.049476631775451696,49476631775.4517
4,0.6485671191553543,30863526064.764458,0.028900595381855965,0.030863526064764456,0.7285202863961814,0.04986999133275552,49869991332.75552
5,0.4664404223227751,82118651158.89883,0.0293899979442358,0.08211865115889884,0.32398568019093077,0.0495233015534369,49523301553.4369
6,0.6331070889894417,57765040582.378044,0.03065676800906658,0.057765040582378045,0.5930787589498807,0.049836655777051805,49836655777.0518
7,0.6990950226244341,45849719688.72897,0.03508706018328667,0.045849719688728974,0.7326968973747017,0.04982332155477032,49823321554.77032
8,0.40987933634992446,50790728809.30466,0.02814422734081745,0.05079072880930466,0.3585918854415274,0.049956663777585175,49956663777.585175
9,0.7077677224736045,47770061082.754585,0.05239970237016678,0.047770061082754584,0.7326968973747017,0.04992332822188146,49923328221.88146
10,0.5595776772247358,41222491841.68689,0.012928580865263939,0.04122249184168689,0.5948687350835322,0.0499766651110074,49976665111.0074
11,0.6757164404223226,43594678269.60087,0.03496575728058815,0.04359467826960087,0.7004773269689738,0.04984998999933329,49849989999.33329
12,0.6417797888386122,42670069450.2552,0.02654675394296646,0.042670069450255206,0.6927207637231504,0.04965664377625175,49656643776.251755
13,0.7051282051282048,48443644883.27337,0.0343453474342823,0.048443644883273365,0.7231503579952268,0.049983332222148145,49983332222.14815
14,0.4751131221719455,57626976822.02326,0.02806609682738781,0.05762697682202326,0.4307875894988067,0.04994999666644443,49949996666.444435
15,0.687782805429864,49276211195.71584,0.02911340445280075,0.04927621119571584,0.6933174224343676,0.04999666644442963,49996666444.42963
16,0.6998491704374055,51342983850.72379,0.04636894911527634,0.05134298385072379,0.6992840095465394,0.04981665444362957,49816654443.62957
17,0.4754901960784312,46477282235.79617,0.08799045532941818,0.04647728223579617,0.5149164677804295,0.04999666644442963,49996666444.42963
18,0.6907993966817494,52824031461.80236,0.02567281946539879,0.05282403146180236,0.6974940334128878,0.049889992666177746,49889992666.17775
19,0.6979638009049771,52054221404.066605,0.04973595589399338,0.052054221404066604,0.6933174224343676,0.049836655777051805,49836655777.0518
20,0.7104072398190043,51937076395.28073,0.025013888254761696,0.05193707639528073,0.6974940334128878,0.049769984665644376,49769984665.64438
21,0.7051282051282048,50150615011.29613,0.028347305953502655,0.050150615011296126,0.7171837708830548,0.04965664377625175,49656643776.251755
22,0.6708144796380088,45891557191.86679,0.043053191155195236,0.04589155719186679,0.6974940334128878,0.04985665711047403,49856657110.47403
23,0.7126696832579184,48740691155.55184,0.02877579629421234,0.04874069115555184,0.7332935560859188,0.0497899859990666,49789985999.066605
24,0.6911764705882351,49841017488.07631,0.023546403273940086,0.04984101748807631,0.6939140811455847,0.04999666644442963,49996666444.42963
25,0.6802413273001506,41402393105.17949,0.029089249670505524,0.041402393105179486,0.7106205250596659,0.04994332955530369,49943329555.30369
26,0.23378582202111606,57668814325.16108,0.03649916499853134,0.05766881432516108,0.26730310262529833,0.04996999799986666,49969997999.86666
27,0.6466817496229259,45289097146.68229,0.02382899448275566,0.045289097146682285,0.6670644391408115,0.04996333088872591,49963330888.725914
28,0.6708144796380088,54606309095.47318,0.04170950874686241,0.054606309095473184,0.6610978520286396,0.04989665977731849,49896659777.31849
29,0.6116138763197585,56254706719.103004,0.032183971256017685,0.056254706719103,0.5984486873508353,0.04996999799986666,49969997999.86666
30,0.7039969834087478,48523136139.23521,0.020695386454463005,0.04852313613923521,0.7291169451073986,0.049316621108073874,49316621108.073875
31,0.6983408748114628,50234290017.571754,0.041978828608989716,0.05023429001757175,0.6963007159904535,0.049649976665111006,49649976665.11101
32,0.6319758672699847,43816417036.23128,0.01434894185513258,0.04381641703623128,0.6575178997613366,0.04974998333222215,49749983332.22215
33,0.6802413273001506,43594678269.60087,0.035591088235378265,0.04359467826960087,0.7267303102625299,0.04982332155477032,49823321554.77032
34,0.7024886877828052,50832566312.442474,0.020569337531924248,0.05083256631244247,0.7058472553699284,0.04982998866591106,49829988665.911064
35,0.6489441930618399,45711655928.37419,0.02199229784309864,0.045711655928374194,0.6539379474940334,0.049809987332488835,49809987332.48884
36,0.04939668174962291,37678855325.91415,0.06349825114011765,0.03767885532591415,0.09367541766109785,0.049916661110740716,49916661110.740715
37,0.6138763197586725,65839678687.9759,0.015574044547975063,0.0658396786879759,0.568019093078759,0.049929995333022205,49929995333.02221
38,0.029034690799396672,29746464730.984856,0.017884759232401848,0.029746464730984856,0.04892601431980907,0.04958330555370358,49583305553.703575
39,0.5497737556561084,39013471676.010376,0.016840683296322823,0.039013471676010374,0.5781622911694511,0.04976331755450363,49763317554.50363
40,0.6858974358974357,47100661032.549576,0.026311514899134636,0.047100661032549576,0.7082338902147971,0.04981665444362957,49816654443.62957
41,0.7134238310708897,55070705380.3029,0.006168909836560488,0.055070705380302905,0.7100238663484487,0.049863324221614776,49863324221.61478
42,0.7009803921568625,54317630323.82227,0.044622328132390976,0.05431763032382227,0.6939140811455847,0.049956663777585175,49956663777.585175
43,0.7036199095022622,46343402225.75517,0.02104892022907734,0.04634340222575517,0.7344868735083532,0.04989665977731849,49896659777.31849
44,0.68552036199095,42774663208.09975,0.06011805683374405,0.04277466320809974,0.733890214797136,0.04987665844389626,49876658443.896255
45,0.7281297134238308,54556104091.70781,0.02215082198381424,0.05455610409170781,0.7326968973747017,0.04989665977731849,49896659777.31849
46,0.7006033182503768,46054723454.10426,0.02939664199948311,0.04605472345410426,0.7398568019093079,0.049663310887392495,49663310887.392494
47,0.679864253393665,40360639277.04794,0.038276977837085724,0.040360639277047944,0.7261336515513126,0.049476631775451696,49476631775.4517
48,0.7115384615384613,46322483474.18626,0.04000699147582054,0.04632248347418626,0.7350835322195705,0.04996999799986666,49969997999.86666
49,0.716440422322775,53798845284.9134,0.033664099872112274,0.053798845284913396,0.7189737470167065,0.04981665444362957,49816654443.62957
50,0.6896681749622924,47347502301.062675,0.02682829275727272,0.047347502301062674,0.7118138424821002,0.049983332222148145,49983332222.14815
51,0.7088989441930615,50987365074.05238,0.020221300423145294,0.05098736507405238,0.7076372315035799,0.049983332222148145,49983332222.14815
52,0.6930618401206634,51221655091.62413,0.04430047795176506,0.05122165509162413,0.7076372315035799,0.04941662777518501,49416627775.18501
53,0.6987179487179485,47100661032.549576,0.03934357687830925,0.047100661032549576,0.7183770883054893,0.0499766651110074,49976665111.0074
54,0.4977375565610858,53648230273.61727,0.029175497591495514,0.05364823027361727,0.5011933174224343,0.04974998333222215,49749983332.22215
55,0.7134238310708897,52037486402.81148,0.039394132792949677,0.05203748640281148,0.7243436754176611,0.049956663777585175,49956663777.585175
56,0.7386877828054296,67350012551.25094,0.046286437660455704,0.06735001255125093,0.7052505966587113,0.04996333088872591,49963330888.725914
57,0.542232277526395,22525311689.398376,0.016858018934726715,0.022525311689398378,0.6605011933174224,0.04994332955530369,49943329555.30369
58,0.7092760180995473,48447828633.58715,0.032313261181116104,0.048447828633587146,0.7344868735083532,0.04985665711047403,49856657110.47403
59,0.6742081447963798,45535938415.19538,0.04805593192577362,0.04553593841519538,0.6939140811455847,0.04990999399959997,49909993999.599976
60,0.7055052790346905,48050372353.77792,0.04091738164424896,0.048050372353777925,0.7243436754176611,0.0497899859990666,49789985999.066605
61,0.6436651583710405,35570245167.76839,0.03301398828625679,0.03557024516776839,0.7136038186157518,0.0499766651110074,49976665111.0074
62,0.6983408748114628,49765709982.428246,0.02440984733402729,0.04976570998242825,0.7237470167064439,0.04949663310887392,49496633108.873924
63,0.5320512820512818,51230022592.25169,0.024419918656349182,0.05123002259225169,0.5477326968973747,0.049689979331955465,49689979331.95547
64,0.7401960784313723,65174462388.08468,0.024940624833106995,0.06517446238808468,0.7016706443914081,0.049863324221614776,49863324221.61478
65,0.6436651583710405,56614509246.088196,0.16773462295532227,0.05661450924608819,0.6127684964200477,0.04992332822188146,49923328221.88146
66,0.7111613876319757,50518785038.90888,0.0359484925866127,0.05051878503890888,0.7344868735083532,0.049956663777585175,49956663777.585175
67,0.7017345399698338,50485315036.39863,0.02816608175635338,0.05048531503639863,0.7159904534606205,0.049809987332488835,49809987332.48884
68,0.663650075414781,39222659191.69944,0.011717915534973145,0.03922265919169944,0.7136038186157518,0.049623308220548036,49623308220.548035
69,0.6184012066365006,35687390176.55427,0.01610664464533329,0.035687390176554264,0.6784009546539379,0.04993666244416294,49936662444.16294
70,0.6892911010558067,45669818425.23638,0.03564692661166191,0.04566981842523638,0.7165871121718377,0.04948329888659244,49483298886.59244
71,0.6779788838612366,40808300560.62254,0.022860918194055557,0.04080830056062254,0.7261336515513126,0.04972331488765918,49723314887.65918
72,0.7183257918552034,56627060497.02953,0.014232651330530643,0.056627060497029535,0.7237470167064439,0.04975665044336289,49756650443.36289
73,0.5840874811463045,39599196719.93976,0.017275411635637283,0.03959919671993976,0.6241050119331742,0.049476631775451696,49476631775.4517
74,0.6530920060331823,46234624717.596855,0.0855444073677063,0.04623462471759685,0.6694510739856802,0.04992332822188146,49923328221.88146
75,0.6659125188536951,51016651326.24885,0.037199024111032486,0.05101665132624885,0.668854415274463,0.04964330955397026,49643309553.97026
76,0.6651583710407237,44908375868.12819,0.04236973822116852,0.04490837586812819,0.6837708830548926,0.04986999133275552,49869991332.75552
77,0.5580693815987932,20772320307.924023,0.04592707008123398,0.020772320307924023,0.6760143198090692,0.049636642442829525,49636642442.82953
78,0.6847662141779787,45293280896.99606,0.07492204010486603,0.045293280896996066,0.7147971360381862,0.04932328821921461,49323288219.214615
79,0.7168174962292607,54246506568.48799,0.028745761141180992,0.05424650656848799,0.714200477326969,0.04996999799986666,49969997999.86666
80,0.6730769230769228,49648564973.64237,0.05030884966254234,0.049648564973642374,0.6718377088305489,0.04958330555370358,49583305553.703575
81,0.6972096530920058,46962597272.19479,0.024326520040631294,0.046962597272194796,0.7124105011933174,0.049743316221081406,49743316221.081406
82,0.6070889894419305,29173290937.996822,0.013087717816233635,0.02917329093799682,0.7016706443914081,0.04987665844389626,49876658443.896255
83,0.6647812971342381,41933729395.02971,0.02739308401942253,0.041933729395029706,0.7040572792362768,0.049956663777585175,49956663777.585175
84,0.6930618401206634,43213956991.046776,0.045164842158555984,0.04321395699104678,0.7321002386634845,0.049883325555037,49883325555.037
85,0.6500754147812969,47376788553.25915,0.03232308104634285,0.04737678855325914,0.662291169451074,0.04972331488765918,49723314887.65918
86,0.7111613876319757,68421052631.57896,0.03934253007173538,0.06842105263157895,0.6652744630071599,0.04985665711047403,49856657110.47403
87,0.6681749622926091,57233704292.527824,0.01824481226503849,0.057233704292527825,0.6634844868735084,0.049716647776518436,49716647776.51844
88,0.35671191553544485,48556606141.74546,0.02027173526585102,0.04855660614174546,0.373508353221957,0.04982332155477032,49823321554.77032
89,0.018099547511312212,12178897163.417288,0.0132784154266119,0.012178897163417288,0.08412887828162291,0.04990999399959997,49909993999.599976
90,0.662518853695324,64446489833.48673,0.02238497883081436,0.06444648983348673,0.639618138424821,0.04984998999933329,49849989999.33329
91,0.6685520361990948,40272780520.45854,0.013585049659013748,0.04027278052045854,0.7058472553699284,0.049716647776518436,49716647776.51844
92,0.7039969834087478,47715672328.67543,0.03974724933505058,0.04771567232867543,0.7237470167064439,0.049663310887392495,49663310887.392494
93,0.6708144796380088,39628482972.13622,0.03209128603339195,0.039628482972136225,0.7147971360381862,0.049809987332488835,49809987332.48884
94,0.7111613876319757,53171282737.84621,0.03294139355421066,0.05317128273784621,0.6992840095465394,0.04955663710914061,49556637109.14061
95,0.6723227752639515,43352020751.40156,0.022063083946704865,0.04335202075140156,0.698090692124105,0.049769984665644376,49769984665.64438
96,0.7413273001508293,76219563216.46724,0.057961490005254745,0.07621956321646724,0.6569212410501193,0.04989665977731849,49896659777.31849
97,0.08069381598793361,12388084679.106352,0.011677023954689503,0.012388084679106352,0.29832935560859186,0.04973664910994066,49736649109.94067
98,0.6700603318250374,40720441804.033134,0.018264081329107285,0.040720441804033135,0.701073985680191,0.049196613107540504,49196613107.540504
99,0.6783559577677223,40661869299.6402,0.021314669400453568,0.0406618692996402,0.7285202863961814,0.049956663777585175,49956663777.585175
