trial,epoch,d_token,n_blocks,n_heads,ffn_hidden,dropout,lr,batch,val_auc,val_prauc,val_recall_at_fpr,val_fpr,val_threshold
0,8,64,4,4,128,0.35272365850401455,0.00224739491012476,1024,0.8850358430694121,0.13582274536835826,0.5098159509202455,0.0499339128666565,0.038281742
1,7,32,2,8,64,0.24002893196980857,0.001454214485880287,8192,0.8855950633316836,0.125494598078405,0.5085889570552147,0.04991484927049972,0.06148582
2,8,64,2,4,192,0.16765351122938574,0.0020607843210729455,4096,0.8877716932808503,0.1410836171755647,0.5177914110429448,0.04990849473844746,0.056539208
3,8,16,3,4,192,0.0943695168571689,0.0004023920465678519,4096,0.8275009079573712,0.07970141826619373,0.4092024539877301,0.04997204005897006,0.023479467
4,4,64,4,4,64,0.0033520313953814274,0.0003509809335693396,1024,0.8871220573838415,0.13933967739950404,0.5104294478527608,0.04999745818717909,0.048313342
5,1,32,4,4,64,0.037705937844371595,0.0006598213555394098,8192,0.5743557829984223,0.013146009001279617,0.06932515337423313,0.049775049565350005,0.07731672
6,2,16,3,8,64,0.10702988787375732,0.0012039795927626625,4096,0.8603880810186464,0.1007080492078716,0.452760736196319,0.04992755833460424,0.0316096
7,4,32,3,8,256,0.04256923502333887,0.001665029967747405,8192,0.8816529747942613,0.13181270337907602,0.5049079754601227,0.0499339128666565,0.029434271
8,1,16,6,4,256,0.08265991721333639,0.000329036402376743,4096,0.5784426710491886,0.014446939514626445,0.09263803680981596,0.04999110365512684,0.318494
9,1,16,6,8,192,0.34924252009915474,0.00098471369270438,4096,0.7830133105225124,0.04780025692649857,0.2901840490797546,0.049813176757663565,0.010884751
10,3,48,2,4,192,0.20880096604186693,0.00264204402176857,2048,0.8774477228631853,0.1302011848768178,0.4901840490797546,0.04997839459102232,0.045527082
11,3,64,5,4,128,0.1617596747612427,0.000563765663747792,1024,0.8761850812428873,0.13396723846428255,0.5030674846625767,0.04997839459102232,0.044102974
12,8,64,5,4,64,0.2764112989108861,0.000675598449155163,1024,0.885149164258182,0.1386128939016371,0.5165644171779141,0.04992120380255198,0.047478773
13,3,64,5,4,192,0.27466393189393457,0.0006973417562043558,2048,0.881776800453347,0.12594462298743386,0.49938650306748467,0.049851303949977124,0.023624461
14,3,64,5,4,64,0.2865739814818255,0.0008563238083920769,1024,0.8833776435243187,0.12796041561934815,0.49141104294478527,0.04999745818717909,0.042488243
15,4,48,2,4,192,0.15277252344624298,0.0019669098563185193,4096,0.888077841380276,0.13630863208038316,0.5190184049079755,0.04988307661023842,0.024822839
16,1,48,2,4,192,0.15613198113572366,0.001969499087863842,4096,0.8701398043833327,0.09836135089326792,0.45521472392638035,0.04997839459102232,0.05590568
17,5,48,2,4,192,0.16586729573197817,0.0029223611341476917,4096,0.8876128358272728,0.13789822045634798,0.5110429447852761,0.049616186264043516,0.02609113
18,2,48,3,8,192,0.13221072992786134,0.001531899252117875,4096,0.8752550233550495,0.1124446371431426,0.46932515337423314,0.04997204005897006,0.06310756
19,1,48,2,4,192,0.18871681078319752,0.002104639775886594,4096,0.874974829425647,0.10635970108418412,0.4815950920245399,0.04992120380255198,0.051562432
20,5,48,3,4,256,0.22683147580608895,0.0012738291786318432,2048,0.8882405895228035,0.1360963859063669,0.5128834355828221,0.04968608611661837,0.028472668
21,1,64,5,4,128,0.30403112605161614,0.0004861286366559587,1024,0.8673971805526057,0.11178654721041553,0.4644171779141104,0.0499656855269178,0.03235274
22,3,64,6,4,64,0.25305830394703943,0.0009671157158454466,1024,0.8826166707678739,0.13057711523173043,0.5061349693251533,0.0498703675461339,0.04508837
23,4,64,4,4,192,0.395664113861764,0.0018198949270096059,4096,0.8875046528429474,0.13432410380141416,0.5067484662576687,0.04988307661023842,0.06411547
24,1,64,2,4,192,0.19798076037716,0.0007600395130995641,4096,0.7524500580562523,0.03745920784255532,0.2889570552147239,0.04989578567434294,0.015767487
25,2,64,5,4,64,0.3206748971419561,0.0011694085037704863,1024,0.879607098113663,0.12653724832253982,0.47791411042944787,0.04997839459102232,0.036796886
26,1,48,3,4,128,0.13326034613227017,0.0024139396553037604,2048,0.87904596759329,0.12102162013701481,0.4815950920245399,0.0499656855269178,0.02282271
27,1,32,4,8,256,0.24722957022615466,0.0004922523801082103,8192,0.7126138747737709,0.020638203815554,0.09202453987730061,0.0499656855269178,0.025554461
28,4,64,2,4,192,0.18589226751494828,0.0014387056301654677,4096,0.8845160345505655,0.13090989526101807,0.5049079754601227,0.04994026739870876,0.05183669
29,2,64,3,4,128,0.21748735929218713,0.0010567864280727223,1024,0.8835137591602723,0.13067901250111685,0.49754601226993866,0.04992120380255198,0.087583154
30,1,48,4,4,64,0.13166779630260328,0.0022044424199841664,1024,0.8735768811052239,0.11611665372044072,0.4687116564417178,0.0499656855269178,0.054163527
31,2,48,3,4,256,0.2219652398254336,0.0013674568768716727,2048,0.8795175303996136,0.13363944286453883,0.49877300613496933,0.04998474912307458,0.017262569
32,1,48,2,4,256,0.27368817282311325,0.0017808400387943236,2048,0.8745915497822617,0.10234092937120079,0.46319018404907975,0.04980682222561131,0.041532133
33,8,48,3,4,256,0.2351419681690323,0.0013290123424170132,2048,0.8878121225291006,0.13886958563965843,0.5110429447852761,0.0498703675461339,0.051908437
34,3,48,2,4,256,0.33068492883508827,0.0025462029362648053,2048,0.8869168956637297,0.13457502870947724,0.5184049079754601,0.04997839459102232,0.056070793
35,1,32,2,4,64,0.35015602467684825,0.002940570784815383,8192,0.7650011925468435,0.052310829194109176,0.31533742331288345,0.04997204005897006,0.024147995
36,1,16,2,8,192,0.3800027939432622,0.002488358773040405,4096,0.8200994004752411,0.04928131167701885,0.33496932515337424,0.04997839459102232,0.028209815
37,1,64,2,4,256,0.32789114986082407,0.0020992714738621997,2048,0.8748119155974678,0.11534794665396433,0.48957055214723927,0.04980682222561131,0.02229277
38,1,32,2,8,64,0.07395605235952901,0.000823357774354208,8192,0.7910798860581723,0.04357210757839758,0.28343558282208586,0.04994026739870876,0.02455077
39,1,16,3,4,192,0.3000459333495043,0.0015792389929929504,4096,0.5840364701018878,0.016120471432925408,0.12576687116564417,0.049578059071729956,0.0123202605
40,2,48,4,4,256,0.10269897801645553,0.0005793000549838402,1024,0.8758260306895049,0.12226464768262407,0.49325153374233127,0.0499339128666565,0.041469418
41,2,48,3,4,256,0.25257782843528354,0.0019272184955878818,2048,0.8808778388384633,0.12389891662611946,0.48466257668711654,0.04959712266788674,0.039464485
42,1,48,2,4,256,0.16921800322418587,0.002609788182000303,2048,0.877116981165323,0.11105018047785685,0.47791411042944787,0.04992120380255198,0.026355084
43,1,48,3,4,256,0.32650524953098997,0.0017039533646185324,2048,0.8579591059742582,0.07727860333060338,0.38404907975460123,0.04971785877687967,0.04817384
44,1,48,3,4,256,0.2635209759184225,0.0012369987942497777,2048,0.8692649412591735,0.1119970961965076,0.4865030674846626,0.04980682222561131,0.055247236
45,4,64,2,4,64,0.231625545230158,0.002242350661707228,2048,0.8823109378571987,0.12987523319039682,0.507361963190184,0.04983224035382035,0.050417587
46,1,48,6,8,192,0.28787141926816767,0.001090233090593475,4096,0.8510984062053917,0.09361332305568486,0.4404907975460123,0.049616186264043516,0.047502633
47,1,16,2,4,256,0.36516845110115437,0.002764068079030298,4096,0.7366836083169364,0.028583968039307125,0.20613496932515338,0.04988307661023842,0.015027101
48,1,64,4,4,128,0.14365315554740993,0.00036309043868435164,2048,0.8616436488362396,0.10038698198198448,0.4601226993865031,0.0499339128666565,0.120652996
49,1,48,5,4,192,0.1858621872913016,0.0006782535475535553,1024,0.8565406945012324,0.09482238812010177,0.4460122699386503,0.049851303949977124,0.02600867
50,1,32,2,4,64,0.061041368162894044,0.0008686721785104416,8192,0.7227392953034473,0.03055022238740262,0.21533742331288344,0.049864013014081644,0.027331673
51,1,48,2,4,192,0.16163789713497365,0.0029466695504211746,4096,0.865970011130957,0.11035630391141557,0.4662576687116564,0.04994662193076102,0.037744906
52,2,48,2,4,192,0.2039766833648833,0.0025365397054073397,4096,0.8764519949799977,0.11638913547984875,0.4815950920245399,0.04992120380255198,0.018915072
53,3,48,2,4,192,0.1261200843365492,0.0023089135545562526,4096,0.8843211784779874,0.12319749375399652,0.498159509202454,0.049825885821768084,0.061178543
54,1,48,3,4,192,0.17963642259329687,0.00199167416710704,4096,0.8621601670329684,0.1013607530576574,0.4570552147239264,0.04978140409740227,0.030884363
55,1,64,2,4,192,0.1125741351360536,0.0029930989318620125,4096,0.8713879241435729,0.10871810059842324,0.4601226993865031,0.04997204005897006,0.055779323
56,1,48,2,8,192,0.21027969917496864,0.0016407619647042105,4096,0.8586358051605348,0.10448690579310954,0.4558282208588957,0.04999745818717909,0.035231493
57,4,64,3,4,64,0.15149283353756887,0.0006047653373999824,1024,0.8836592759950261,0.1365850416139758,0.50920245398773,0.0499656855269178,0.017813798
58,1,48,2,4,192,0.30983906952631807,0.0004943177359999696,4096,0.8391096594968831,0.08367428657254766,0.4294478527607362,0.04995297646281328,0.019611914
59,4,64,5,4,128,0.17285575857374125,0.0023998434601881975,2048,0.8851216273028747,0.13614746986160722,0.5085889570552147,0.04995297646281328,0.052769326
60,2,16,4,4,256,0.11711505657049254,0.002680209417855791,1024,0.8811359127587464,0.12064982673069627,0.4883435582822086,0.04974327690508871,0.04027441
61,2,48,3,4,256,0.23496846674843136,0.0013192386899174417,2048,0.8834632523259147,0.1273689128891669,0.5024539877300613,0.04971150424482741,0.057539538
62,1,48,3,4,256,0.19803935886918822,0.0014916324625043377,2048,0.8721689292699258,0.09360201492263184,0.4638036809815951,0.04997204005897006,0.080392554
63,4,48,2,4,256,0.2251837596535849,0.0010284907859874105,2048,0.8838038123605707,0.13636110000924812,0.505521472392638,0.04959712266788674,0.028331993
64,1,48,4,4,256,0.0053077301384490405,0.0018907618913623825,2048,0.8755873147010657,0.10999748065359546,0.4662576687116564,0.0499339128666565,0.039511047
65,1,48,6,4,256,0.24383621485406576,0.0021499915706878897,4096,0.8575696862155464,0.09147277810473761,0.44171779141104295,0.04988307661023842,0.025645774
66,3,64,2,4,192,0.2646234060615161,0.0011493018039354912,2048,0.8836469392363271,0.12909175206450157,0.5030674846625767,0.049851303949977124,0.02698755
67,1,48,3,8,64,0.14729015627212524,0.0007424183770929208,8192,0.7387116045918549,0.029137660307044354,0.2067484662576687,0.04963524986020029,0.024309587
68,5,32,2,4,256,0.28632562740670364,0.00130413406123882,1024,0.8867717433374096,0.13731441806312786,0.5098159509202455,0.04994026739870876,0.024364073
69,1,48,5,4,192,0.19307882463356374,0.000906689698769807,4096,0.8548340406746189,0.0966422032181921,0.4441717791411043,0.04999110365512684,0.037618335
70,1,64,4,4,128,0.2089667284146069,0.0024417972735235496,2048,0.8634773816084405,0.11571352914570132,0.4668711656441718,0.04994026739870876,0.020838818
71,1,64,4,4,64,0.33313618958388624,0.00042359570316077096,1024,0.8672521042467611,0.09660054604149991,0.46134969325153374,0.04995933099486554,0.018636612
72,6,64,3,4,64,0.01769459364429588,0.0004351655003438947,1024,0.8876091673520204,0.1411514187159033,0.5110429447852761,0.04999745818717909,0.0421006
73,4,64,3,4,64,0.014913884955261913,0.00030765339652119366,1024,0.8864489214136971,0.13313108910903093,0.5122699386503068,0.04999745818717909,0.03741869
74,2,64,3,4,64,0.05511116369657984,0.00031289065298181263,1024,0.879997350199119,0.1250712315646919,0.47914110429447854,0.04981953128971583,0.020607417
75,2,64,2,4,64,0.07992542474013456,0.0017736407305947793,1024,0.8716919846037875,0.12990176799520659,0.496319018404908,0.04995933099486554,0.030243628
76,3,48,3,4,256,0.25723797368729606,0.0013830859822948835,2048,0.8816401390293643,0.13602835288374115,0.5079754601226993,0.04997839459102232,0.04355185
77,1,16,2,4,64,0.08992453429173368,0.002777021002287309,4096,0.5913683584224293,0.011868854408766963,0.04539877300613497,0.04924762340501245,0.014872044
78,3,64,3,8,192,0.21798752184855635,0.0003520906428996332,1024,0.8835339611143183,0.12646086732376882,0.49877300613496933,0.04985765848202938,0.025684765
79,1,48,2,4,256,0.36299533558734076,0.00038586230648805607,2048,0.817247484540944,0.0752005108266299,0.38220858895705523,0.04999745818717909,0.028546775
80,2,32,2,4,192,0.3385972243988385,0.00204175181498926,4096,0.8830003889909253,0.1339897417922895,0.5134969325153375,0.04999110365512684,0.042818952
81,1,32,2,4,192,0.3832936651318254,0.0020595721805859845,4096,0.8581372141513168,0.08354197643036942,0.4392638036809816,0.049876722078186164,0.037329637
82,1,32,2,4,192,0.308718917477232,0.0022857187288372297,4096,0.8448121522355634,0.07825778018509408,0.38466257668711656,0.049851303949977124,0.031097231
83,1,32,2,4,192,0.2912358484061265,0.0015657294703825314,4096,0.8617090849224341,0.09743464059207597,0.46503067484662575,0.04991484927049972,0.05455371
84,1,32,3,4,192,0.33636769998790605,0.0017189135814674136,4096,0.846834678934734,0.08885330079598605,0.43006134969325155,0.04998474912307458,0.017605742
85,1,48,2,4,192,0.3175693532562294,0.0027037111986646253,8192,0.8549446719081031,0.07954836209887264,0.4092024539877301,0.04973056784098419,0.021326916
86,1,32,2,4,64,0.2792911168632673,0.0018254669923424367,4096,0.8349966087070968,0.06123244943897145,0.37055214723926383,0.04997204005897006,0.03399197
87,1,64,3,4,256,0.34796754149193765,0.0019967250620081373,4096,0.8654665353188791,0.08506211868642548,0.4466257668711656,0.04999745818717909,0.09580212
88,3,48,2,4,192,0.1804802613808392,0.0007868736872179485,2048,0.8827103572322995,0.12296470012363116,0.5165644171779141,0.04998474912307458,0.049583506
89,3,48,2,4,192,0.17166631635343835,0.0007653109394041609,1024,0.8838391228968059,0.13427377415131267,0.5104294478527608,0.04983224035382035,0.054139987
90,2,64,2,4,192,0.13796603860217108,0.0006364671227314588,2048,0.8826906308935362,0.1262661311824548,0.496319018404908,0.049800467693559045,0.04500718
91,1,48,2,4,192,0.18114402286219952,0.0009835984624173583,2048,0.8577002543060337,0.10383527291837437,0.449079754601227,0.04988307661023842,0.030161517
92,2,48,2,4,192,0.1656895611734824,0.0008135718200891692,2048,0.8828829393055643,0.12902072302327583,0.49141104294478527,0.049203141680646635,0.038726326
93,3,48,2,4,192,0.2334719517831151,0.0009405249941717572,2048,0.8836595235488822,0.13433431364344417,0.5049079754601227,0.04995297646281328,0.0376552
94,2,48,2,4,256,0.1570616721672083,0.0011095151576855657,2048,0.8822807518807075,0.12385131805271098,0.49877300613496933,0.04964795892430481,0.05919897
95,1,48,2,4,128,0.19104909486813906,0.0005486371469682809,4096,0.7189087463467287,0.028092169370793844,0.20122699386503068,0.04988307661023842,0.015184358
96,1,48,4,8,192,0.2988435395942038,0.0025626360151644015,2048,0.8727823560296946,0.10563037032738004,0.4644171779141104,0.04971785877687967,0.05000838
97,1,16,2,4,64,0.22497581475184986,0.0012324223465210212,4096,0.770928610380015,0.049334887791426044,0.35153374233128837,0.04984494941792486,0.018606832
98,2,48,3,4,256,0.038624151740465115,0.0023885265490663837,2048,0.8774146500578691,0.123940951962368,0.48895705521472393,0.049654313456357076,0.07535198
99,2,64,3,4,192,0.1244120303984705,0.0022105438140558164,1024,0.8820919969385969,0.12123436520391101,0.4938650306748466,0.04936200498195313,0.1430148
